Ano,BOVA11<XBSP>,PIBB11<XBSP>,BRAX11<XBSP>,SPXI11<XBSP>,SMAL11<XBSP>,BOVV11<XBSP>,XBOV11<XBSP>,DIVO11<XBSP>,IVVB11<XBSP>,MATB11<XBSP>,FIND11<XBSP>,FIXA11<XBMF>,BBSD11<XBSP>,ISUS11<XBSP>,GOVE11<XBSP>,ECOO11<XBSP>,IMAB11<XBMF>,BOVB11<XBSP>,IRFM11<XBMF>,IB5M11<XBMF>
2018,0.0,0.0,0.0,0.0,0.0,0.0,0.0,0.0,0.0,0.0,0.0,0.0,0.0,0.0,0.0,0.0,0.0,0.0,0.0,0.0
2019,0.0,0.0,0.0,0.025819596774193546,0.029667862903225806,0.0,0.0,0.006909193548387096,0.003391451612903226,0.0,0.0009362903225806451,0.0835453629032258,0.001440483870967742,3.024193548387097e-05,0.0,0.0,0.0034686290322580643,0.0,0.035483870967741936,0.0053075
2020,0.0,0.0,0.0,0.36630220883534137,0.040694136546184735,0.0,0.0,0.0,0.02504453815261044,0.0,0.0,0.4705414457831325,0.0,0.0,0.0,0.0,0.02294574297188755,0.0,0.0,0.0
2021,0.0,0.0,0.0,0.19178655870445344,0.003610202429149798,0.0,0.0,0.015727287449392714,0.06703846153846153,0.054091336032388665,0.0,0.23528538461538462,0.0,0.0,0.0,0.0,0.23984785425101215,0.0,0.14281032388663967,0.014896477732793522
2022,0.0,0.0,0.0,0.07058808000000001,0.0,0.0,0.0,0.05135776,0.11501952,0.03805348,0.0,0.0754186,0.0,0.0,0.0,0.0,0.18571756000000003,0.0,0.440632,0.0
2023,0.0,0.0,0.0,0.016052056451612902,0.0,0.0,0.0,0.01976854838709677,0.01661225806451613,0.01271483870967742,0.027223306451612903,0.4273243548387097,0.002144032258064516,0.0,0.0,0.0,0.0,0.0,0.40569169354838713,0.023434879032258063
2024,0.0,0.0,0.0,0.19955290836653386,0.0,0.0,0.0,0.12910466135458168,0.19085641434262948,0.0,0.046303984063745016,0.03817362549800797,0.017863705179282867,0.0,0.0,0.0023040637450199206,0.04367924302788845,0.0,0.24102741035856576,0.06542498007968127
2025,0.0,0.0,0.0,0.4050157037037037,0.0,0.0,0.0,0.06540325925925926,0.1756854074074074,0.0,0.07816925925925927,0.02748488888888889,0.0,0.0,0.0,0.0,0.0628537037037037,0.0,0.17886644444444444,0.0
