Ano,BOVA11<XBSP>,PIBB11<XBSP>,BRAX11<XBSP>,SPXI11<XBSP>,SMAL11<XBSP>,BOVV11<XBSP>,XBOV11<XBSP>,DIVO11<XBSP>,IVVB11<XBSP>,MATB11<XBSP>,FIND11<XBSP>,FIXA11<XBMF>,BBSD11<XBSP>,ISUS11<XBSP>,GOVE11<XBSP>,ECOO11<XBSP>,IMAB11<XBMF>,BOVB11<XBSP>,IRFM11<XBMF>,IB5M11<XBMF>
2018,0.0,0.0,0.0,0.0,0.0,0.0,0.0,0.0,0.0,0.0,0.0,0.0,0.0,0.0,0.0,0.0,0.0,0.0,0.0,0.0
2019,0.0,0.0,0.0,0.0,0.0,0.0,0.0,0.0,0.002475967741935484,0.0,0.0,0.013576693548387097,0.0,3.024193548387097e-05,0.0,0.0,0.012302217741935483,0.0,0.15806451612903227,0.011113145161290323
2020,0.0,0.0,0.0,0.00023626506024096384,0.0,0.0,0.0,0.0,0.005103132530120482,0.0,0.0,0.18172437751004017,0.0,0.0,0.0,0.0,0.02363116465863454,0.0,0.6267147389558233,0.00035574297188755024
2021,0.0,0.0,0.0,0.039806639676113365,0.0,0.0,0.0,0.0,0.10378761133603238,0.02161898785425101,0.0,0.33570307692307694,0.0,0.0,0.0,0.0,0.10342838056680162,0.0,0.32719979757085016,0.0
2022,0.0,0.0,0.0,0.05598372,0.0,0.0,0.0,0.0,0.030817920000000002,0.00468884,0.0,0.08942668000000001,0.0,0.0,0.0,0.0,0.02564136,0.0,0.72410752,0.04812316
2023,0.0,0.0,0.0,0.09112165322580645,0.0,0.0,0.0,0.0,0.0030217741935483875,0.00900399193548387,0.0,0.06033596774193548,0.0,0.0,0.0,0.0,0.08171560483870968,0.0,0.7113631451612903,0.018169112903225804
2024,0.0,0.0,0.0,0.06610541832669323,0.0,0.0,0.0,0.008893386454183267,0.05838697211155378,0.0011225099601593627,0.0,0.0825679282868526,0.0,0.0,0.0031852191235059763,2.1872509960159363e-05,0.21215964143426294,0.0,0.47979553784860557,0.05617366533864542
2025,0.0,0.0,0.0,0.0022462222222222224,0.0,0.0,0.0,0.018376,0.15602607407407407,0.0004991851851851852,0.0,0.15043281481481482,0.0,0.0,0.013763851851851852,0.0,0.2591135555555556,0.0,0.3144508888888889,0.05883822222222223
