Ano,BOVA11<XBSP>,PIBB11<XBSP>,BRAX11<XBSP>,SPXI11<XBSP>,SMAL11<XBSP>,BOVV11<XBSP>,XBOV11<XBSP>,DIVO11<XBSP>,IVVB11<XBSP>,MATB11<XBSP>,FIND11<XBSP>,FIXA11<XBMF>,BBSD11<XBSP>,ISUS11<XBSP>,GOVE11<XBSP>,ECOO11<XBSP>,IMAB11<XBMF>,BOVB11<XBSP>,IRFM11<XBMF>,IB5M11<XBMF>
2018,0.0,0.0,0.0,0.0,0.0,0.0,0.0,0.0,0.0,0.0,0.0,0.0,0.0,0.0,0.0,0.0,0.0,0.0,0.0,0.0
2019,0.0,0.0,0.0,0.034444112903225806,0.0494395564516129,0.0,0.0,0.00843483870967742,0.002256290322580645,0.0,0.0021038709677419355,0.0597428629032258,0.0017670967741935481,3.024193548387097e-05,0.0,0.0,0.0016654838709677419,0.0,0.035483870967741936,0.0053075
2020,0.0,0.0,0.0,0.27864020080321283,0.06767112449799197,0.0,0.0,0.0,0.14214819277108434,0.0,0.0,0.4320886345381526,0.0,0.0,0.0,0.0,0.008774497991967872,0.0,0.0,0.0
2021,0.0,0.0,0.0,0.06247838056680162,0.008245870445344129,0.0,0.0,0.011796437246963562,0.16278072874493926,0.13799846153846154,0.0,0.013111862348178136,0.0,0.0,0.0,0.0,0.2682274898785425,0.0,0.26973566801619436,0.022695668016194333
2022,0.0,0.0,0.0,0.0625564,0.0,0.0,0.0,0.09530160000000001,0.28963871999999996,0.08181232,0.0,0.0,0.0,0.0,0.0,0.0,0.39327516,0.0,0.057461,0.00100584
2023,0.0,0.0,0.0,0.004254516129032259,0.0,0.0,0.0,0.11494032258064517,0.0,0.062745,0.04239725806451613,0.4701368548387097,0.0,0.0,0.0,0.0,0.018548387096774196,0.0,0.19267790322580647,0.0499095564516129
2024,0.0,0.0,0.0,0.39602167330677296,0.0,0.0,0.0,0.054825816733067724,0.2528103585657371,0.0,0.07709306772908366,0.05034262948207171,0.035464302788844625,0.0,0.0010082868525896416,0.0054904780876494025,0.0,0.0,0.05455876494023904,0.05103601593625498
2025,0.0,0.0,0.0,0.27535733333333334,0.0,0.0,0.0,0.0020222222222222226,0.47869022222222224,0.0,0.09768133333333333,0.0,0.0,0.0,0.0,0.1362962962962963,0.0,0.0,0.004026666666666666,0.0
